OrderID,Timestamp,Name,CustomerEmail,Mobile,DelhiLocality,FlatHouse,AreaStreet,Landmark,City,State,Pincode,AddressType,PaymentMethod,JuiceItem,Price,Quantity,Total,ShopOrigin,AdminEmail,NotificationMessage
"SJC-485203","2026-10-01T16:26:31.154Z","Shiv Jha","kanhaiyapandat4@gmail.com","9812345678","Sonia Vihar 3rd Pusta","House 12","Main Pusta Road","Near Shiv Mandir","Delhi (NCT)","Delhi","110094","Home","Cash on Delivery","Classic Damascus Rose Milk","75","2","150","Shiv Juice Center, Sonia Vihar 3rd Pusta, Delhi - 110094","kanhaiyapandat4@gmail.com","order are placed"
"SJC-261305","2026-10-01T15:51:35.150Z","Shiv Jha","kanhaiyapandat4@gmail.com","8799779715","Sonia Vihar 3rd Pusta","Shop 3","Main Pusta Road","Near Yamuna Ghat","Delhi (NCT)","Delhi","110094","Home","Cash on Delivery","Classic Damascus Rose Milk","75","3","225","Shiv Juice Center, Sonia Vihar 3rd Pusta, Delhi - 110094","kanhaiyapandat4@gmail.com","order are placed"
"SJC-358969","2026-10-01T19:05:56.380Z","Verify Test","","9876543210","Sonia Vihar 3rd Pusta","","","","Delhi (NCT)","Delhi","110094","Home","UPI","Royal Almond Badam Rose","95","2","190","Shiv Juice Center, Sonia Vihar 3rd Pusta, Delhi - 110094","kanhaiyapandat4@gmail.com","order are placed","PAID","","UPI-UTR-428591238475","2026-10-01T19:05:56.422Z"
"SJC-996339","2026-10-01T19:09:23.340Z","Party Order Buyer","","9833333333","Sonia Vihar 3rd Pusta","","","","Delhi (NCT)","Delhi","110094","Home","UPI","Kashmiri Kesar Badam Rose (500ml)","120","4","480","Shiv Juice Center, Sonia Vihar 3rd Pusta, Delhi - 110094","kanhaiyapandat4@gmail.com","order are placed","PAID","","UPI-UTR-592817264810","2026-10-01T19:09:23.356Z"
"SJC-618509","2026-10-01T19:09:23.402Z","COD Customer","kanhaiyapandat4@gmail.com","9855555555","Sonia Vihar 3rd Pusta","","","","Delhi (NCT)","Delhi","110094","Home","Cash on Delivery","Classic Damascus Rose Milk","75","2","150","Shiv Juice Center, Sonia Vihar 3rd Pusta, Delhi - 110094","kanhaiyapandat4@gmail.com","order are placed","PENDING","","",""
"SJC-691181","2026-10-01T19:21:01.191Z","Test Razorpay Buyer","","","Sonia Vihar 3rd Pusta","","","","Delhi (NCT)","Delhi","110094","Home","UPI","Classic Damascus Rose Milk","225","1","225","Shiv Juice Center, Sonia Vihar 3rd Pusta, Delhi - 110094","kanhaiyapandat4@gmail.com","order are placed","PAID","order_Til1EasHWng0eO","pay_Test585ivbbb","2026-10-01T19:21:01.217Z"
"SJC-211223","2026-10-01T19:24:33.615Z","Gopal","s92157795@gmail.com","9540956526","Sonia Vihar 3rd Pusta","kashmeeri gate Delhi","near Gas Godam","","Delhi (NCT)","Delhi","110094","Home","UPI","Classic Damascus Rose Milk","75","1","75","Shiv Juice Center, Sonia Vihar 3rd Pusta, Delhi - 110094","kanhaiyapandat4@gmail.com","order are placed","PAID","order_Til4ySuQwsiXiv","pay_Til5u8NlDJJrG1","2026-10-01T19:25:52.481Z"
"SJC-744177","2026-10-01T19:40:11.946Z","Gopal","s92157795@gmail.com","9540956526","Sonia Vihar 3rd Pusta","kashmeeri gate Delhi","near Gas Godam","","Delhi (NCT)","Delhi","110094","Home","UPI","Royal Almond Badam Rose","95","1","95","Shiv Juice Center, Sonia Vihar 3rd Pusta, Delhi - 110094","kanhaiyapandat4@gmail.com","order are placed","PAID","order_TilLUgDFbhPS39","pay_TilLoyuaGCLDkK","2026-10-01T19:40:47.982Z"
"SJC-992976","2026-10-02T06:06:32.556Z","Gopal Sharma","s92157795@gmail.com","9540956526","Sonia Vihar 3rd Pusta","House 42, Gali 2","Near Gas Godam Road","Gas Godam","Delhi (NCT)","Delhi","110094","Home","Cash on Delivery","Classic Damascus Rose Milk","75","2","150","Shiv Juice Center, Sonia Vihar 3rd Pusta, Delhi - 110094","kanhaiyapandat4@gmail.com","order are placed","PENDING","","",""
"SJC-438211","2026-10-02T06:07:09.101Z","Customer 1","test1@gmail.com","9800000001","Sonia Vihar 3rd Pusta","Gali 1","Main Road","Pusta 1","Delhi (NCT)","Delhi","110094","Home","Cash on Delivery","Classic Damascus Rose Milk","75","1","75","Shiv Juice Center, Sonia Vihar 3rd Pusta, Delhi - 110094","kanhaiyapandat4@gmail.com","order are placed","PENDING","","",""
"SJC-906419","2026-10-02T06:07:09.142Z","Customer 2","test2@gmail.com","9800000002","Sonia Vihar 3rd Pusta","Gali 2","Main Road","Pusta 2","Delhi (NCT)","Delhi","110094","Home","Cash on Delivery","Classic Damascus Rose Milk","75","1","75","Shiv Juice Center, Sonia Vihar 3rd Pusta, Delhi - 110094","kanhaiyapandat4@gmail.com","order are placed","PENDING","","",""
"SJC-945096","2026-10-02T06:07:09.173Z","Customer 3","test3@gmail.com","9800000003","Sonia Vihar 3rd Pusta","Gali 3","Main Road","Pusta 3","Delhi (NCT)","Delhi","110094","Home","Cash on Delivery","Classic Damascus Rose Milk","75","1","75","Shiv Juice Center, Sonia Vihar 3rd Pusta, Delhi - 110094","kanhaiyapandat4@gmail.com","order are placed","PENDING","","",""
"SJC-187761","2026-10-02T06:07:09.227Z","Customer 4","test4@gmail.com","9800000004","Sonia Vihar 3rd Pusta","Gali 4","Main Road","Pusta 4","Delhi (NCT)","Delhi","110094","Home","Cash on Delivery","Classic Damascus Rose Milk","75","1","75","Shiv Juice Center, Sonia Vihar 3rd Pusta, Delhi - 110094","kanhaiyapandat4@gmail.com","order are placed","PENDING","","",""
"SJC-947172","2026-10-02T06:20:14.605Z","Aman Verma","aman.verma@gmail.com","9811223344","Sonia Vihar 3rd Pusta","Shop 5","Main Pusta Road","Shiv Mandir","Delhi (NCT)","Delhi","110094","Home","Cash on Delivery","Kashmiri Kesar Badam Rose (500ml)","120","1","120","Shiv Juice Center, Sonia Vihar 3rd Pusta, Delhi - 110094","kanhaiyapandat4@gmail.com","order are placed","PENDING","","",""
