Date Added,Order Number,Order Date,Order Status,Product Name,Product Quantity,Product Total,Order Total,Billing First name,Billing Last name,Mobile Number,Billing Email,Address,City,Pincode,Payment Method,Price Given,Price Remaining,Shipping Method
02/10/2026 11:50:14,SJC-947172,02/10/2026,Cash on Delivery (Pending),Kashmiri Kesar Badam Rose (500ml),1,120,120,Aman,Verma,9811223344,aman.verma@gmail.com,"Shop 5, Main Pusta Road, Sonia Vihar 3rd Pusta, Near Shiv Mandir, Delhi - 110094",Delhi (NCT),110094,Cash on Delivery,0,120,Sonia Vihar Express Delivery (30-45 mins)
02/10/2026 11:40:39,SJC-758855,02/10/2026,PAYMENT_PROCESSING,Shiv Mini Rose Milk Pouch (120ml),5,50,50,suman,,9540956526,xyz@gmail.com,"kashmeeri gate Delhi, near Gas Godam, Sonia Vihar 3rd Pusta, Delhi - 110094",Delhi (NCT),110094,UPI,0,50,Sonia Vihar Express Delivery (30-45 mins)
02/10/2026 11:37:09,SJC-187761,02/10/2026,Cash on Delivery (Pending),Classic Damascus Rose Milk,1,75,75,Customer,4,9800000004,test4@gmail.com,"Gali 4, Main Road, Sonia Vihar 3rd Pusta, Near Pusta 4, Delhi - 110094",Delhi (NCT),110094,Cash on Delivery,0,75,Sonia Vihar Express Delivery (30-45 mins)
02/10/2026 11:37:09,SJC-945096,02/10/2026,Cash on Delivery (Pending),Classic Damascus Rose Milk,1,75,75,Customer,3,9800000003,test3@gmail.com,"Gali 3, Main Road, Sonia Vihar 3rd Pusta, Near Pusta 3, Delhi - 110094",Delhi (NCT),110094,Cash on Delivery,0,75,Sonia Vihar Express Delivery (30-45 mins)
02/10/2026 11:37:09,SJC-906419,02/10/2026,Cash on Delivery (Pending),Classic Damascus Rose Milk,1,75,75,Customer,2,9800000002,test2@gmail.com,"Gali 2, Main Road, Sonia Vihar 3rd Pusta, Near Pusta 2, Delhi - 110094",Delhi (NCT),110094,Cash on Delivery,0,75,Sonia Vihar Express Delivery (30-45 mins)
02/10/2026 11:37:09,SJC-438211,02/10/2026,Cash on Delivery (Pending),Classic Damascus Rose Milk,1,75,75,Customer,1,9800000001,test1@gmail.com,"Gali 1, Main Road, Sonia Vihar 3rd Pusta, Near Pusta 1, Delhi - 110094",Delhi (NCT),110094,Cash on Delivery,0,75,Sonia Vihar Express Delivery (30-45 mins)
02/10/2026 11:36:32,SJC-992976,02/10/2026,Cash on Delivery (Pending),Classic Damascus Rose Milk,2,150,150,Gopal,Sharma,9540956526,s92157795@gmail.com,"House 42, Gali 2, Near Gas Godam Road, Sonia Vihar 3rd Pusta, Near Gas Godam, Delhi - 110094",Delhi (NCT),110094,Cash on Delivery,0,150,Sonia Vihar Express Delivery (30-45 mins)
02/10/2026 01:47:49,SJC-833954,02/10/2026,PAYMENT_PROCESSING,Shiv Mini Rose Milk Pouch (120ml),1,10,10,Gopal,,9540956526,s92157795@gmail.com,"kashmeeri gate Delhi, near Gas Godam, Sonia Vihar 3rd Pusta, Delhi - 110094",Delhi (NCT),110094,UPI,0,10,Sonia Vihar Express Delivery (30-45 mins)
02/10/2026 01:45:27,SJC-506656,02/10/2026,PAYMENT_PROCESSING,Shiv Mini Rose Milk Pouch (120ml),1,10,10,Customer,,,,", , Sonia Vihar 3rd Pusta, Delhi - 110094",Delhi (NCT),110094,UPI,0,10,Sonia Vihar Express Delivery (30-45 mins)
02/10/2026 01:21:47,SJC-153763,02/10/2026,PAYMENT_PROCESSING,Classic Damascus Rose Milk,1,75,75,Gopal,,9540956526,s92157795@gmail.com,"kashmeeri gate Delhi, near Gas Godam, Sonia Vihar 3rd Pusta, Delhi - 110094",Delhi (NCT),110094,UPI,0,75,Sonia Vihar Express Delivery (30-45 mins)
02/10/2026 01:11:20,SJC-373819,02/10/2026,PAYMENT_PROCESSING,Royal Almond Badam Rose,1,95,95,Gopal,,9540956526,s92157795@gmail.com,"kashmeeri gate Delhi, near Gas Godam, Sonia Vihar 3rd Pusta, Delhi - 110094",Delhi (NCT),110094,UPI,0,95,Sonia Vihar Express Delivery (30-45 mins)
02/10/2026 01:10:11,SJC-744177,02/10/2026,Completed (Paid),Royal Almond Badam Rose,1,95,95,Gopal,,9540956526,s92157795@gmail.com,"kashmeeri gate Delhi, near Gas Godam, Sonia Vihar 3rd Pusta, Delhi - 110094",Delhi (NCT),110094,UPI,95,0,Sonia Vihar Express Delivery (30-45 mins)
02/10/2026 01:08:27,SJC-310240,02/10/2026,PAYMENT_PROCESSING,Classic Damascus Rose Milk,1,75,75,Gopal,,9540956526,s92157795@gmail.com,"kashmeeri gate Delhi, near Gas Godam, Sonia Vihar 3rd Pusta, Delhi - 110094",Delhi (NCT),110094,UPI,0,75,Sonia Vihar Express Delivery (30-45 mins)
02/10/2026 01:04:11,SJC-654582,02/10/2026,PAYMENT_PROCESSING,Classic Damascus Rose Milk,1,75,75,Gopal,,9540956526,s92157795@gmail.com,"kashmeeri gate Delhi, near Gas Godam, Sonia Vihar 3rd Pusta, Delhi - 110094",Delhi (NCT),110094,UPI,0,75,Sonia Vihar Express Delivery (30-45 mins)
02/10/2026 01:03:52,SJC-634417,02/10/2026,PAYMENT_PROCESSING,Classic Damascus Rose Milk,1,75,75,Gopal,,9540956526,s92157795@gmail.com,"kashmeeri gate Delhi, near Gas Godam, Sonia Vihar 3rd Pusta, Delhi - 110094",Delhi (NCT),110094,UPI,0,75,Sonia Vihar Express Delivery (30-45 mins)
02/10/2026 00:54:33,SJC-211223,02/10/2026,Completed (Paid),Classic Damascus Rose Milk,1,75,75,Gopal,,9540956526,s92157795@gmail.com,"kashmeeri gate Delhi, near Gas Godam, Sonia Vihar 3rd Pusta, Delhi - 110094",Delhi (NCT),110094,UPI,75,0,Sonia Vihar Express Delivery (30-45 mins)
02/10/2026 00:51:01,SJC-691181,02/10/2026,Completed (Paid),Classic Damascus Rose Milk,1,225,225,Test,Razorpay Buyer,,,", , Sonia Vihar 3rd Pusta, Delhi - 110094",Delhi (NCT),110094,UPI,225,0,Sonia Vihar Express Delivery (30-45 mins)
02/10/2026 00:49:07,SJC-372491,02/10/2026,PAYMENT_PROCESSING,Classic Damascus Rose Milk,1,75,75,Customer,,,,", , Sonia Vihar 3rd Pusta, Delhi - 110094",Delhi (NCT),110094,UPI,0,75,Sonia Vihar Express Delivery (30-45 mins)
02/10/2026 00:39:23,SJC-618509,02/10/2026,Cash on Delivery (Pending),Classic Damascus Rose Milk,2,150,150,COD,Customer,9855555555,kanhaiyapandat4@gmail.com,", , Sonia Vihar 3rd Pusta, Delhi - 110094",Delhi (NCT),110094,Cash on Delivery,0,150,Sonia Vihar Express Delivery (30-45 mins)
02/10/2026 00:39:23,SJC-595565,02/10/2026,PAYMENT_PROCESSING,Classic Damascus Rose Milk,1,75,75,Attacker,Fraud,9844444444,,", , Sonia Vihar 3rd Pusta, Delhi - 110094",Delhi (NCT),110094,UPI,0,75,Sonia Vihar Express Delivery (30-45 mins)
02/10/2026 00:39:23,SJC-996339,02/10/2026,Completed (Paid),Kashmiri Kesar Badam Rose (500ml),4,480,480,Party,Order Buyer,9833333333,,", , Sonia Vihar 3rd Pusta, Delhi - 110094",Delhi (NCT),110094,UPI,480,0,Sonia Vihar Express Delivery (30-45 mins)
02/10/2026 00:39:23,SJC-321260,02/10/2026,PAYMENT_PROCESSING,Classic Damascus Rose Milk,3,225,225,Triple,Unit Buyer,9822222222,,", , Sonia Vihar 3rd Pusta, Delhi - 110094",Delhi (NCT),110094,UPI,0,225,Sonia Vihar Express Delivery (30-45 mins)
02/10/2026 00:39:23,SJC-108728,02/10/2026,PAYMENT_PROCESSING,Classic Damascus Rose Milk,1,75,75,Single,Unit Buyer,9811111111,,", , Sonia Vihar 3rd Pusta, Delhi - 110094",Delhi (NCT),110094,UPI,0,75,Sonia Vihar Express Delivery (30-45 mins)
02/10/2026 00:35:56,SJC-304140,02/10/2026,PAYMENT_PROCESSING,Classic Damascus Rose Milk,1,75,75,Duplicate,Fraud Attempt,9876543210,,", , Sonia Vihar 3rd Pusta, Delhi - 110094",Delhi (NCT),110094,UPI,0,75,Sonia Vihar Express Delivery (30-45 mins)
02/10/2026 00:35:56,SJC-358969,02/10/2026,Completed (Paid),Royal Almond Badam Rose,2,190,190,Verify,Test,9876543210,,", , Sonia Vihar 3rd Pusta, Delhi - 110094",Delhi (NCT),110094,UPI,190,0,Sonia Vihar Express Delivery (30-45 mins)
02/10/2026 00:35:35,SJC-570127,02/10/2026,PAYMENT_PROCESSING,Classic Damascus Rose Milk,3,225,225,Tamper,Tester,9876543210,,", , Sonia Vihar 3rd Pusta, Delhi - 110094",Delhi (NCT),110094,UPI,0,225,Sonia Vihar Express Delivery (30-45 mins)
02/10/2026 00:35:28,SJC-926211,02/10/2026,PAYMENT_PROCESSING,Classic Damascus Rose Milk,3,225,225,Test,Customer,9876543210,test@example.com,"House 12, Main Road, Sonia Vihar 3rd Pusta, Delhi - 110094",Delhi (NCT),110094,UPI,0,225,Sonia Vihar Express Delivery (30-45 mins)
01/10/2026 21:56:31,SJC-485203,01/10/2026,Cash on Delivery (Pending),Classic Damascus Rose Milk,1,150,150,Shiv,Jha,9812345678,kanhaiyapandat4@gmail.com,"House 12, Main Pusta Road, Sonia Vihar 3rd Pusta, Delhi - 110094",Delhi (NCT),110094,Cash on Delivery,0,150,Sonia Vihar Express Delivery (30-45 mins)
01/10/2026 21:55:13,SJC-778202,01/10/2026,Cash on Delivery (Pending),Classic Damascus Rose Milk,1,0,0,Customer,,,,"Sonia Vihar 3rd Pusta, Delhi (NCT)",Delhi (NCT),110094,Cash on Delivery,0,0,Sonia Vihar Express Delivery (30-45 mins)
01/10/2026 21:21:35,SJC-261305,01/10/2026,Cash on Delivery (Pending),Classic Damascus Rose Milk,3,225,225,Shivam,Jha,8799779715,,sonia vihar 3rd pusta,Delhi (NCT),110006,Cash on Delivery,0,225,Sonia Vihar Express Delivery (30-45 mins)
01/10/2026 21:18:14,SJC-491527,01/10/2026,Cash on Delivery (Pending),Classic Damascus Rose,2,150,150,Test,Customer,9876543210,,"123 Rose Street, Civil Lines",Delhi (NCT),202001,Cash on Delivery,0,150,Sonia Vihar Express Delivery (30-45 mins)